[
  { "ingredient": "Agave nectar", "aka": ["agave syrup"], "subs": ["3/4 cup honey or maple syrup (reduce other liquids by ~2 Tbsp)", "1 1/4 cups granulated sugar + 1/4 cup water"] },
  { "ingredient": "Agar-agar", "subs": ["1 tsp agar powder ≈ 1 tsp powdered gelatin (not vegan)", "1 Tbsp agar flakes ≈ 1 tsp agar powder"] },
  { "ingredient": "Aioli", "subs": ["Mayonnaise + minced garlic + lemon juice"] },
  { "ingredient": "Allspice", "subs": ["(per 1 tsp) 1/2 tsp cinnamon + 1/4 tsp cloves + 1/4 tsp nutmeg"] },
  { "ingredient": "Almond extract", "subs": ["2× vanilla extract (flavor differs)", "Amaretto to taste"] },
  { "ingredient": "Almond flour", "subs": ["Finely ground blanched almonds", "Hazelnut flour (equal; flavor/texture shift)"] },
  { "ingredient": "Almond milk", "subs": ["Equal soy milk or oat milk", "Equal dairy milk (if OK)"] },
  { "ingredient": "Amaretto", "subs": ["A few drops almond extract + simple syrup + water", "Almond-flavored syrup to taste"] },
  { "ingredient": "Anchovy fillets", "subs": ["1 fillet ≈ 1/2 tsp anchovy paste", "Fish sauce (start ~1/2 tsp per fillet)", "Worcestershire (1–2 tsp for 2–3 fillets; different)"] },
  { "ingredient": "Ancho chile", "subs": ["Guajillo chile (similar)", "New Mexico red chile (milder)", "1 Tbsp ancho powder ≈ 1 pepper ground"] },
  { "ingredient": "Anise seeds", "subs": ["Fennel seeds (equal; milder)", "Star anise (stronger; use less)"] },
  { "ingredient": "Apple butter", "subs": ["Applesauce reduced on stove (thicken + spice to taste)"] },
  { "ingredient": "Apple cider", "subs": ["Apple juice (less tart) + splash lemon"] },
  { "ingredient": "Apple cider vinegar", "subs": ["White wine vinegar (equal)", "Rice vinegar (equal)", "Lemon juice (equal; softer)"] },
  { "ingredient": "Applesauce", "subs": ["Mashed ripe banana (baking; flavor shift)", "Pumpkin purée (baking; adjust spices)"] },
  { "ingredient": "Apricot jam", "subs": ["Peach jam or orange marmalade (equal; flavor change)"] },
  { "ingredient": "Arrowroot starch", "subs": ["Cornstarch (equal; arrowroot clearer)", "Tapioca starch (equal)"] },
  { "ingredient": "Artichoke hearts", "subs": ["Hearts of palm (similar texture)", "Asparagus tips (different flavor)"] },
  { "ingredient": "Asafoetida (hing)", "subs": ["Pinch garlic powder + onion powder"] },
  { "ingredient": "Asian fish sauce", "subs": ["Anchovy paste + water (1:1) + splash soy", "Light soy sauce + pinch sugar + splash rice vinegar"] },
  { "ingredient": "Avocado", "subs": ["Hummus (spread/dip)", "Silken tofu, blended (creamy base)"] },

  { "ingredient": "Bacon", "subs": ["Pancetta (equal, unsmoked)", "Turkey bacon (leaner; texture shift)", "Smoked paprika + olive oil (veg flavor sub)"] },
  { "ingredient": "Baker’s chocolate (unsweetened)", "subs": ["Per 1 oz: 3 Tbsp cocoa powder + 1 Tbsp fat (butter/oil)"] },
  { "ingredient": "Baking powder", "subs": ["1/4 tsp baking soda + 1/2 tsp cream of tartar (+ 1/4 tsp cornstarch if storing)"] },
  { "ingredient": "Baking soda", "subs": ["4× amount baking powder (not ideal; taste may change)", "Potassium bicarbonate (equal; low-sodium)"] },
  { "ingredient": "Balsamic vinegar", "subs": ["Red wine vinegar + pinch sugar", "Apple cider vinegar + little honey"] },
  { "ingredient": "Banana (ripe, mashed in baking)", "subs": ["Applesauce (equal; milder)", "Pumpkin purée (equal; spice to taste)"] },
  { "ingredient": "Barbecue sauce", "subs": ["Ketchup + brown sugar + vinegar + Worcestershire + chili powder (to taste)"] },
  { "ingredient": "Basil, fresh", "subs": ["Thai basil (spicier)", "Fresh oregano or parsley (different)", "Dried basil (~1/3 of fresh amount)"] },
  { "ingredient": "Bay leaves", "subs": ["Pinch thyme + pinch oregano", "1–2 juniper berries (robust dishes)"] },
  { "ingredient": "Beef stock", "subs": ["Chicken stock + dash soy or Worcestershire", "Vegetable stock + soy sauce + tomato paste"] },
  { "ingredient": "Beer (in batter/stew)", "subs": ["Club soda (for batter lift)", "Stock or water + splash vinegar (for stews/braises)"] },
  { "ingredient": "Beet sugar", "subs": ["Cane sugar (equal)"] },
  { "ingredient": "Black beans", "subs": ["Pinto beans (equal)", "Kidney beans (equal)"] },
  { "ingredient": "Black pepper", "subs": ["White pepper (equal; sharper)", "Pink peppercorn (fruity; to taste)"] },
  { "ingredient": "Blue cheese", "subs": ["Gorgonzola or Roquefort (equal)", "Goat cheese + tiny pinch salt (milder)"] },
  { "ingredient": "Breadcrumbs (dry)", "subs": ["Crushed crackers or cornflakes", "Panko", "Ground rolled oats (binder)"] },
  { "ingredient": "Brown rice", "subs": ["White rice (shorter cook)", "Farro or barley (chewier; adjust liquid)"] },
  { "ingredient": "Brown sugar, light", "subs": ["1 cup white sugar + 1 Tbsp molasses"] },
  { "ingredient": "Brown sugar, dark", "subs": ["1 cup white sugar + 2 Tbsp molasses"] },
  { "ingredient": "Buttermilk", "subs": ["1 cup milk + 1 Tbsp lemon juice or white vinegar; rest 5–10 min", "3/4 cup plain yogurt + 1/4 cup milk"] },
  { "ingredient": "Butter (unsalted)", "subs": ["Equal margarine (baking varies)", "Equal ghee/clarified butter (no water)", "Oil (~3/4 volume of butter; texture shifts)"] },

  { "ingredient": "Cajun seasoning", "subs": ["Paprika + garlic + onion + cayenne + oregano + thyme + salt (mix)"] },
  { "ingredient": "Cake flour", "subs": ["1 cup all-purpose flour − 2 Tbsp + 2 Tbsp cornstarch"] },
  { "ingredient": "Canola oil", "subs": ["Any neutral oil (veg/sunflower/safflower)", "Light olive oil (flavor may show in baking)"] },
  { "ingredient": "Capers", "subs": ["Chopped green olives (equal; less tang)", "Pickled green peppercorns (to taste)"] },
  { "ingredient": "Caraway seeds", "subs": ["Fennel seeds (equal; sweeter)", "Cumin seeds (different; use sparingly)"] },
  { "ingredient": "Cardamom (ground)", "subs": ["Cinnamon + nutmeg (≈2:1; to taste)", "Freshly crush green pods"] },
  { "ingredient": "Carrots", "subs": ["Parsnips (sweeter, earthy)", "Sweet potatoes (different texture)"] },
  { "ingredient": "Cashews", "subs": ["Macadamias (richer)", "Pine nuts (smaller; different flavor)"] },
  { "ingredient": "Cayenne pepper", "subs": ["Red pepper flakes (to taste)", "Hot paprika (equal; smoked if desired)"] },
  { "ingredient": "Celery", "subs": ["Celery seed (1/4–1/2 tsp per stalk in soups)", "Fennel stalks (aromatic; different)"] },
  { "ingredient": "Celery salt", "subs": ["Table salt + celery seed (≈8:1; adjust)"] },
  { "ingredient": "Cheddar cheese", "subs": ["Colby or Monterey Jack (milder)", "Gruyère (nutty; melts well)"] },
  { "ingredient": "Cheesecake (cream cheese in baking)", "subs": ["Neufchâtel (equal; lower fat)", "Mascarpone (richer; adjust sugar)"] },
  { "ingredient": "Chia egg (vegan binder)", "subs": ["Flax egg: 1 Tbsp ground flax + 3 Tbsp water; rest 5–10 min"] },
  { "ingredient": "Chicken stock", "subs": ["Vegetable stock (equal)", "Bouillon + water (per label)"] },
  { "ingredient": "Chili powder (US blend)", "subs": ["Paprika + cumin + garlic + oregano + cayenne (mix)"] },
  { "ingredient": "Chipotle in adobo", "subs": ["Smoked paprika + cayenne + tomato paste (to taste)", "Chipotle powder (1/2–1 tsp per chile)"] },
  { "ingredient": "Chocolate chips (semisweet)", "subs": ["Chopped semisweet chocolate (equal by weight)"] },
  { "ingredient": "Cilantro", "subs": ["Parsley + mint (to taste)", "Culantro (stronger; use less)"] },
  { "ingredient": "Cinnamon (ground)", "subs": ["Cassia ↔ Ceylon (interchange to taste)", "Pumpkin pie spice (contains cinnamon; adjust)"] },
  { "ingredient": "Coconut milk (full-fat)", "subs": ["Light coconut milk (thinner)", "Evaporated milk (non-coconut; not vegan)", "Coconut cream + water (to thickness)"] },
  { "ingredient": "Cocoa powder (natural)", "subs": ["Dutch-process cocoa (equal; may need leavening adjust)"] },
  { "ingredient": "Coffee (brewed, baking)", "subs": ["Espresso (stronger; use less)", "Instant coffee dissolved (to taste)"] },
  { "ingredient": "Corn syrup (light)", "subs": ["Sugar + water + little lemon juice (anti-crystallization)", "Honey (flavor change)"] },
  { "ingredient": "Cornstarch", "subs": ["Arrowroot or tapioca starch (equal; clearer sauces)", "All-purpose flour (≈2×; cloudier)"] },
  { "ingredient": "Cottage cheese", "subs": ["Ricotta (equal; creamier)", "Greek yogurt (thick; tangier)"] },
  { "ingredient": "Cream (heavy)", "subs": ["Per 1 cup: 3/4 cup milk + 1/4 cup melted butter", "Evaporated milk (won’t whip)"] },
  { "ingredient": "Cream of tartar", "subs": ["2× lemon juice or white vinegar (for stabilizing/acid)", "For baking powder: see Baking powder swap"] },
  { "ingredient": "Crème fraîche", "subs": ["Sour cream (equal; tangier)", "Heavy cream + splash buttermilk; rest to thicken"] },
  { "ingredient": "Cumin (ground)", "subs": ["Coriander (equal; different)", "Caraway (use less; stronger)"] }
]
